crop_year,year,month,period,total_qty_kg,total_value_tl,total_price_tl_kg,open_qty_kg,open_price_tl,fisko_qty_kg,fisko_price_tl,tmo_qty_kg,tmo_price_tl,fx_try_per_usd,avg_try_kg_inshell,avg_usd_kg_inshell,avg_try_kg_shelled,avg_usd_kg_shelled
2000,2001,1,full,3603153.0,4314125.359609,1.197319503115466,3600459.0,1.1974325700000001,2694.0,1.04620824,0.0,0.0,677713.33,1.197319503115466,1.7,2.660710006923258,3.7777777777777777
2000,2001,2,full,3572307.0,4431058.518528,1.2403912985440502,3566770.0,1.24061213,5537.0,1.0981383999999998,0.0,0.0,670623.82,1.2403912985440502,1.7,2.756425107875667,3.7777777777777777
2000,2001,3,full,4201042.0,6142195.117601,1.4620646776683022,4201042.0,1.46206468,0.0,0.0,0.0,0.0,738109.45,1.4620646776683022,1.65,3.2490326170406716,3.6666666666666665
2000,2001,4,full,3770522.0,6459723.834099,1.7132173831896487,3770522.0,1.71321738,0.0,0.0,0.0,0.0,965969.39,1.7132173831896487,1.37,3.8071497404214414,3.0444444444444447
2000,2001,5,full,1229198.0,2367189.191514,1.9257997422010122,1229198.0,1.92579974,0.0,0.0,0.0,0.0,1206954.35,1.9257997422010122,1.27,4.279554982668916,2.8222222222222224
2000,2001,6,full,522791.0,855947.938315,1.6372660170412268,522791.0,1.63726602,0.0,0.0,0.0,0.0,1129785.48,1.6372660170412268,1.68,3.6383689267582815,3.733333333333333
2000,2001,7,full,146039.0,212518.236205,1.4552156355836454,146039.0,1.4552156399999998,0.0,0.0,0.0,0.0,1212680.67,1.4552156355836454,1.73,3.233812523519212,3.844444444444444
2000,2000,9,full,16925426.0,18213779.489249,1.0761194128436706,9964869.0,1.03775346,6960557.0,1.13104485,0.0,0.0,,1.0761194128436706,,2.3913764729859346,
2000,2000,10,full,8213074.0,9152806.673564,1.1144191168329909,7768939.0,1.1163151100000002,444135.0,1.08125384,0.0,0.0,663106.43,1.1144191168329909,1.56,2.4764869262955354,3.466666666666667
2000,2000,11,full,5721072.0,6492861.873548,1.134903017047854,5652490.0,1.1356057,68582.0,1.0769882,0.0,0.0,675746.86,1.134903017047854,1.56,2.522006704550787,3.466666666666667
2000,2000,12,full,3441069.0,4016503.930744,1.167225629809806,3439296.0,1.16728859,1773.0,1.04510118,0.0,0.0,682920.5,1.167225629809806,1.66,2.59383473291068,3.6888888888888887
2001,2002,1,full,4162362.0,7665443.737182,1.841609100117193,4162362.0,1.8416091,0.0,0.0,0.0,0.0,1448704.42,1.841609100117193,1.25,4.092464666927095,2.7777777777777777
2001,2002,2,full,3496039.0,6067055.070592,1.7354082922393028,3495432.0,1.73542204,607.0,1.6562345600000001,0.0,0.0,1365888.0,1.7354082922393028,1.35,3.8564628716428953,3.0
2001,2002,3,full,4865644.0,8413554.036928,1.7291758371405717,4865644.0,1.7291758400000001,0.0,0.0,0.0,0.0,1346727.33,1.7291758371405717,1.17,3.8426129714234927,2.5999999999999996
2001,2002,4,full,4449778.0,7218496.094882,1.6222148823788514,4424699.0,1.6223458899999998,25079.0,1.5991018899999998,0.0,0.0,1353728.62,1.6222148823788514,1.26,3.604921960841892,2.8
2001,2002,5,full,7459333.0,11833084.379867,1.586346175974045,5805823.0,1.56820529,1653510.0,1.6500426499999998,0.0,0.0,1314568.38,1.586346175974045,1.19,3.5252137243867665,2.6444444444444444
2001,2002,6,full,4627712.0,6214263.193102,1.3428370635644569,4627712.0,1.3428370600000001,0.0,0.0,0.0,0.0,1386212.04,1.3428370635644569,1.09,2.984082363476571,2.4222222222222225
2001,2002,7,full,6400638.0,9438107.342601,1.47455727735282,6385012.0,1.47496204,15626.0,1.3091671599999999,0.0,0.0,1520273.55,1.47455727735282,0.89,3.2767939496729332,1.9777777777777779
2001,2002,8,open,15365350.0,22989372.753803,1.496182823938472,10172776.0,1.4454335,5192574.0,1.5956058700000002,0.0,0.0,1649121.43,1.496182823938472,0.74,3.324850719863271,1.6444444444444444
2001,2001,9,full,40839569.0,60355821.015435,1.477876052399941,22580220.0,1.3866039099999998,18259349.0,1.59074672,0.0,0.0,2397576.09,1.477876052399941,0.99,3.284169005333202,2.1999999999999997
2001,2001,10,full,13477295.0,21420603.837715,1.5893845046587614,12467820.0,1.58087066,1009475.0,1.69453731,0.0,0.0,1466321.85,1.5893845046587614,0.94,3.5319655659083584,2.0888888888888886
2001,2001,11,full,6355222.0,11652949.944786,1.833602342260585,6355115.0,1.83360875,107.0,1.452875,0.0,0.0,1596307.77,1.833602342260585,0.96,4.074671871690189,2.1333333333333333
2001,2001,12,full,5622428.0,10331366.362605,1.8375275526169477,5622244.0,1.8375318799999998,184.0,1.70541101,0.0,0.0,1517547.95,1.8375275526169477,1.18,4.083394561370994,2.6222222222222222
2002,2003,1,full,7004907.0,11480285.454584,1.6388919159931745,7004907.0,1.6388919199999998,0.0,0.0,0.0,0.0,1583614.4,1.6388919159931745,1.04,3.6419820355403876,2.3111111111111113
2002,2003,2,full,6090000.0,9802149.987965,1.609548438089491,5720887.0,1.6092238700000001,369113.0,1.6145788600000002,0.0,0.0,1655835.68,1.609548438089491,0.98,3.5767743068655355,2.1777777777777776
2002,2003,3,full,5881186.0,9458773.260096,1.6083105108554636,5750734.0,1.60737246,130452.0,1.6496625900000002,0.0,0.0,1623230.88,1.6083105108554636,0.98,3.5740233574565856,2.1777777777777776
2002,2003,4,full,4334336.0,7099843.180548,1.638046330637034,4334336.0,1.63804633,0.0,0.0,0.0,0.0,1655386.71,1.638046330637034,0.96,3.640102956971187,2.1333333333333333
2002,2003,5,full,2248713.0,3780259.24172,1.6810767944686582,2248713.0,1.68107679,0.0,0.0,0.0,0.0,1627196.48,1.6810767944686582,1.01,3.7357262099303514,2.2444444444444445
2002,2003,6,full,990712.0,1693392.040346,1.7092677189193228,990712.0,1.70926772,0.0,0.0,0.0,0.0,1490377.43,1.7092677189193228,1.11,3.798372708709606,2.466666666666667
2002,2003,7,full,443875.0,796378.395,1.794150143621515,443875.0,1.79415014,0.0,0.0,0.0,0.0,1419099.67,1.794150143621515,1.21,3.987000319158922,2.6888888888888887
2002,2003,8,open,523801.0,809793.727306,1.5459950005937368,523801.0,1.545995,0.0,0.0,0.0,0.0,1397107.96,1.5459950005937368,1.22,3.4355444457638598,2.711111111111111
2002,2002,9,full,21633880.0,34571848.120454,1.598041965678556,21633880.0,1.59804197,0.0,0.0,0.0,0.0,1635496.95,1.598041965678556,0.84,3.551204368174569,1.8666666666666665
2002,2002,10,full,20791967.0,32274081.278831,1.5522380003215184,15241354.0,1.5226388100000001,5550613.0,1.63351401,0.0,0.0,1643007.81,1.5522380003215184,0.96,3.449417778492263,2.1333333333333333
2002,2002,11,full,10525017.0,16195513.487811,1.5387636416939754,9547963.0,1.53011354,977054.0,1.62329411,0.0,0.0,1646897.27,1.5387636416939754,0.91,3.4194747593199453,2.022222222222222
2002,2002,12,full,7537727.0,12183541.85329,1.6163416177436516,7512051.0,1.61628781,25676.0,1.63208391,0.0,0.0,1603893.62,1.6163416177436516,0.96,3.591870261652559,2.1333333333333333
2003,2004,1,full,3439092.0,9360152.84588,2.7216930648787527,3437242.0,2.72183255,1850.0,2.46253838,0.0,0.0,1428461.19,2.7216930648787527,1.91,6.048206810841672,4.2444444444444445
2003,2004,2,full,3195779.0,8375675.160321,2.6208555598872763,3195202.0,2.6208115899999997,577.0,2.86431773,0.0,0.0,1346469.0,2.6208555598872763,2.07,5.824123466416169,4.6
2003,2004,3,full,3507864.0,9001247.559715,2.5660195377343595,3505897.0,2.56584783,1967.0,2.87205986,0.0,0.0,1325334.55,2.5660195377343595,1.95,5.702265639409688,4.333333333333333
2003,2004,4,full,3009331.0,8445370.095789,2.8063945427701373,3009304.0,2.80639606,27.0,2.6375,0.0,0.0,1317008.58,2.8063945427701373,1.99,6.236432317266972,4.4222222222222225
2003,2004,5,full,3130193.0,12528324.481496,4.002412784609767,3130108.0,4.00245683,85.0,2.3805,0.0,0.0,1349905.0,4.002412784609767,2.04,8.894250632466148,4.533333333333333
2003,2004,6,full,2601977.0,11188508.663188,4.300002906708245,2601977.0,4.30000291,0.0,0.0,0.0,0.0,1499563.16,4.300002906708245,2.41,9.55556201490721,5.355555555555556
2003,2004,7,full,730282.0,3093697.429164,4.236305193286976,730282.0,4.23630519,0.0,0.0,0.0,0.0,1488483.53,4.236305193286976,2.84,9.414011540637725,6.311111111111111
2003,2004,8,close,299741.0,597418.5295,1.9931158216593658,299741.0,1.99311582,0.0,0.0,0.0,0.0,,1.9931158216593658,,4.429146270354146,
2003,2004,8,open,243356.0,630302.088704,2.590041292197439,243356.0,2.59004129,0.0,0.0,0.0,0.0,1447828.81,2.590041292197439,2.91,5.755647315994309,6.466666666666667
2003,2003,9,full,13999897.0,35041869.128118,2.5030090670037075,13763459.0,2.50236872,236438.0,2.5402845800000002,0.0,0.0,1397102.67,2.5030090670037075,1.31,5.56224237111935,2.911111111111111
2003,2003,10,full,13832434.0,37915483.676938,2.7410565397917677,13712725.0,2.74305199,119709.0,2.51247709,0.0,0.0,1371077.11,2.7410565397917677,1.92,6.091236755092817,4.266666666666667
2003,2003,11,full,6987585.0,19758186.899683,2.827613102335499,6982826.0,2.82766717,4759.0,2.74827768,0.0,0.0,1423551.39,2.827613102335499,1.91,6.283584671856665,4.2444444444444445
2003,2003,12,full,6425221.0,17674670.178249,2.750826808641913,6420087.0,2.75096652,5134.0,2.57611813,0.0,0.0,1471781.53,2.750826808641913,1.92,6.112948463648696,4.266666666666667
2004,2005,1,full,958957.0,5694889.29,5.9386284160812215,958185.0,5.9391688899999995,772.0,5.26781088,0.0,0.0,1396177.13,5.9386284160812215,3.84,13.196952035736047,8.533333333333333
2004,2005,2,full,1376946.0,9307651.383,6.759634279775677,1376605.0,6.7611795599999995,341.0,0.5213871,0.0,0.0,1.3508,6.759634279775677,4.12,15.021409510612616,9.155555555555555
2004,2005,3,full,812834.0,5478585.43,6.7401036743049625,812674.0,6.740342549999999,160.0,5.5268125,0.0,0.0,1.3102,6.7401036743049625,5.3,14.978008165122139,11.777777777777777
2004,2005,4,full,1464079.0,9657296.85,6.59615830156706,1464079.0,6.5961583,0.0,0.0,0.0,0.0,1.305,6.59615830156706,5.21,14.658129559037912,11.577777777777778
2004,2005,5,full,955688.0,6342223.18,6.636290483923624,955616.0,6.63637814,72.0,5.47291667,0.0,0.0,1.3535,6.636290483923624,4.73,14.747312186496941,10.511111111111111
2004,2005,6,full,285375.0,2004992.22,7.025815926412615,285375.0,7.025815929999999,0.0,0.0,0.0,0.0,1.365,7.025815926412615,4.83,15.612924280916921,10.733333333333333
2004,2005,8,open,778522.0,3895938.441856,5.004275334359209,772597.0,5.00220255,5925.0,5.27455785,0.0,0.0,1.3547,5.004275334359209,4.95,11.120611854131575,11.0
2004,2004,9,full,3668139.0,19038957.755482,5.190358859214986,3499378.0,5.21188695,168761.0,4.74395867,0.0,0.0,,5.190358859214986,,11.534130798255525,
2004,2004,10,full,2412255.0,12750440.624556,5.2856935210232745,2333851.0,5.29237789,78404.0,5.08672009,0.0,0.0,1497248.93,5.2856935210232745,3.51,11.745985602273944,7.799999999999999
2004,2004,11,full,1576270.0,8249613.437794,5.2336296686443315,1569494.0,5.23436888,6776.0,5.06240891,0.0,0.0,1483699.81,5.2336296686443315,3.74,11.630288152542958,8.311111111111112
2004,2004,12,full,1535445.0,7912902.16,5.15349111169726,1529837.0,5.151970230000001,5608.0,5.56838088,0.0,0.0,1444302.43,5.15349111169726,3.67,11.452202470438356,8.155555555555555
2005,2006,1,full,3638446.0,20.525413,5.641258108544142e-06,3602564.0,5.62,35882.0,7.63,0.0,0.0,1.3457,5.641258108544142e-06,4.24,1.2536129130098094e-05,9.422222222222222
2005,2006,2,full,3228759.0,17.082604,5.2907646560179934e-06,3121870.0,5.21,106889.0,7.6,0.0,0.0,1.3279,5.2907646560179934e-06,4.22,1.1757254791151096e-05,9.377777777777776
2005,2006,3,full,5496872.0,28.347795,5.1570775160855125e-06,5406245.0,5.12,90627.0,7.59,0.0,0.0,1.3202,5.1570775160855125e-06,3.87,1.1460172257967805e-05,8.6
2005,2006,4,full,6460233.0,31.242245,4.836086407409764e-06,6454885.0,4.83,5348.0,7.69,0.0,0.0,1.3287,4.836086407409764e-06,3.86,1.0746858683132808e-05,8.577777777777778
2005,2006,5,full,6915519.0,30.652098,4.432364078531199e-06,6915519.0,4.43,0.0,0.0,0.0,0.0,1.3309,4.432364078531199e-06,3.72,9.849697952291555e-06,8.266666666666667
2005,2006,6,full,7522562.0,30.405631,4.041924945251365e-06,7522562.0,4.04,0.0,0.0,0.0,0.0,1.4139,4.041924945251365e-06,3.26,8.982055433891923e-06,7.244444444444444
2005,2006,7,full,4177732.0,11.996826,2.871612157026827e-06,4177732.0,2.87,0.0,0.0,0.0,0.0,1.5929,2.871612157026827e-06,2.62,6.381360348948504e-06,5.822222222222222
2005,2006,8,open,3428398.0,23.021175,6.714849034446992e-06,2762340.0,6.47,666058.0,7.71,0.0,0.0,1.5508,6.714849034446992e-06,2.61,1.4921886743215538e-05,5.8
2005,2005,9,full,18782417.0,123.722992,6.587170969529641e-06,13020965.0,6.17,5761452.0,7.52,0.0,0.0,,6.587170969529641e-06,,1.4638157710065867e-05,
2005,2005,10,full,10408856.0,65.041054,6.248626554157345e-06,8381262.0,5.99,2027594.0,7.32,0.0,0.0,1.3342,6.248626554157345e-06,4.73,1.3885836787016321e-05,10.511111111111111
2005,2005,11,full,7350838.0,43.77273,5.954794541792379e-06,6817000.0,5.85,533838.0,7.27,0.0,0.0,1.3512,5.954794541792379e-06,4.56,1.3232876759538619e-05,10.133333333333333
2005,2005,12,full,7350141.0,42.5633,5.790814080981576e-06,7093748.0,5.73,256393.0,7.35,0.0,0.0,1.3542,5.790814080981576e-06,4.26,1.2868475735514613e-05,9.466666666666667
2006,2007,1,full,6277509.0,21790040.0,3.471128436454651,5836053.0,3.43,70866.0,4.8,370590.0,3.84,1.4264,3.471128436454651,2.28,7.7136187476770015,5.066666666666666
2006,2007,2,full,6013001.0,20254360.0,3.3684278449313414,5953250.0,3.36,33410.0,4.75,26341.0,3.9,1.4198,3.3684278449313414,2.39,7.485395210958536,5.311111111111111
2006,2007,3,full,6488656.0,21213065.0,3.2692540643239525,6299295.0,3.25,7117.0,4.75,182244.0,3.94,1.3902,3.2692540643239525,2.44,7.265009031831005,5.422222222222222
2006,2007,4,full,5526062.0,18458729.0,3.3403043614060066,5225460.0,3.31,22286.0,4.72,278316.0,3.87,1.4029,3.3403043614060066,2.36,7.4228985809022365,5.2444444444444445
2006,2007,5,full,3907432.0,14941579.0,3.8238871463406143,3898943.0,3.82,1100.0,3.84,7389.0,3.9,1.3544,3.8238871463406143,2.44,8.497526991868032,5.422222222222222
2006,2007,6,full,3317553.0,13013323.0,3.922566723123941,3317553.0,3.92,0.0,0.0,0.0,0.0,1.3319,3.922566723123941,2.73,8.716814940275425,6.066666666666666
2006,2007,7,full,2272728.0,8937047.0,3.932299421664185,2272728.0,3.93,0.0,0.0,0.0,0.0,1.3152,3.932299421664185,3.08,8.738443159253745,6.844444444444444
2006,2007,8,close,2613466.0,8116008.0,3.1054576566138605,2613466.0,3.11,0.0,0.0,0.0,0.0,,3.1054576566138605,,6.901017014697468,
2006,2007,8,open,446987.0,1234259.0,2.7612861224151932,446987.0,2.76,0.0,0.0,0.0,0.0,1.276,2.7612861224151932,3.12,6.136191383144873,6.933333333333334
2006,2006,9,full,19731666.0,63999828.0,3.2435085815865725,15503726.0,2.99,1101311.0,4.76,3126629.0,3.97,1.4622,3.2435085815865725,1.96,7.207796847970161,4.355555555555555
2006,2006,10,full,27897053.0,101024472.0,3.6213313284381687,11383403.0,2.84,4307664.0,4.79,12205986.0,3.93,1.4721,3.6213313284381687,1.87,8.04740295208482,4.155555555555556
2006,2006,11,full,25410868.0,92093765.0,3.624188083618395,9923828.0,2.9,3214320.0,4.74,12272720.0,3.92,1.4762,3.624188083618395,1.87,8.053751296929766,4.155555555555556
2006,2006,12,full,12559396.0,42330796.0,3.3704483878046365,8771949.0,3.13,336537.0,4.58,3450910.0,3.86,1.451,3.3704483878046365,2.0,7.489885306232526,4.444444444444445
2007,2008,1,full,5862350.0,28885731.0,4.9273296544900935,4750175.0,4.82,12411.0,5.19,1099764.0,5.38,1.1725,4.9273296544900935,4.01,10.949621454422429,8.91111111111111
2007,2008,2,full,3375751.0,16299752.0,4.828481721548775,3046827.0,4.78,1131.0,5.35,327793.0,5.3,1.1704,4.828481721548775,4.2,10.729959381219501,9.333333333333334
2007,2008,3,full,4060454.0,19415159.0,4.781524184241467,3813683.0,4.75,2061.0,5.75,244710.0,5.29,1.1882,4.781524184241467,4.12,10.62560929831437,9.155555555555555
2007,2008,4,full,3298759.0,15739346.0,4.771293083247366,3298759.0,4.77,0.0,0.0,0.0,0.0,1.2324,4.771293083247366,3.94,10.602873518327481,8.755555555555555
2007,2008,5,full,2289511.0,11023157.0,4.814633779877013,2289511.0,4.81,0.0,0.0,0.0,0.0,1.2967,4.814633779877013,3.66,10.699186177504474,8.133333333333333
2007,2008,6,full,1084184.0,4935688.0,4.552444972440102,1084184.0,4.55,0.0,0.0,0.0,0.0,1.247,4.552444972440102,3.79,10.116544383200226,8.422222222222222
2007,2008,7,full,359684.0,1615961.0,4.492724168992782,359684.0,4.49,0.0,0.0,0.0,0.0,,4.492724168992782,,9.983831486650628,
2007,2008,8,close,125000.0,550000.0,4.4,125000.0,4.4,0.0,0.0,0.0,0.0,,4.4,,9.777777777777779,
2007,2008,8,open,5464827.0,25065335.0,4.586665781002766,5037697.0,4.51,25070.0,5.42,402060.0,5.46,,4.586665781002766,,10.19259062445059,
2007,2007,9,full,23574323.0,114290597.0,4.848096677049856,15645767.0,4.57,473643.0,5.34,7454913.0,5.4,,4.848096677049856,,10.773548171221902,
2007,2007,10,full,13052763.0,66383901.0,5.085812176318531,10864614.0,5.02,56025.0,5.33,2132124.0,5.41,1.2613,5.085812176318531,3.67,11.301804836263402,8.155555555555555
2007,2007,11,full,9389340.0,44852264.0,4.7769346940253525,7298750.0,4.72,153418.0,0.54,1937172.0,5.33,1.1966,4.7769346940253525,4.09,10.615410431167449,9.088888888888889
2007,2007,12,full,7390907.0,35440031.0,4.795085501684706,5819557.0,4.65,49697.0,5.37,1521653.0,5.34,1.1847,4.795085501684706,4.02,10.655745559299346,8.933333333333332
2008,2009,1,full,23512676.0,103304975.0,4.393586463744067,5713375.0,3.18,17241.0,4.8,17782060.0,4.78,1.5388,4.393586463744067,1.84,9.763525474986816,4.088888888888889
2008,2009,2,full,7139483.0,27455545.0,3.8455928811652047,4055733.0,3.21,25678.0,4.83,3058072.0,4.68,1.5891,3.8455928811652047,1.93,8.5457619581449,4.288888888888889
2008,2009,3,full,4790083.0,16141265.0,3.3697255350272637,4648279.0,3.34,103.0,4.6,141701.0,4.5,1.6524,3.3697255350272637,1.99,7.488278966727252,4.4222222222222225
2008,2009,4,full,3409175.0,12280350.0,3.60214714703704,3408755.0,3.6,420.0,4.9,0.0,0.0,1.7045,3.60214714703704,1.98,8.004771437860088,4.3999999999999995
2008,2009,5,full,2119563.0,8383928.0,3.955498373957273,2119563.0,3.96,0.0,0.0,0.0,0.0,1.6042,3.955498373957273,2.37,8.789996386571717,5.266666666666667
2008,2009,6,full,1229758.0,4814372.0,3.9148938246386686,1229758.0,3.91,0.0,0.0,0.0,0.0,1.5518,3.9148938246386686,2.62,8.699764054752597,5.822222222222222
2008,2009,7,full,1430173.0,5600524.0,3.91597659863527,1430173.0,3.92,0.0,0.0,0.0,0.0,1.5398,3.91597659863527,2.68,8.702170219189489,5.955555555555556
2008,2009,8,close,51103.0,219750.0,4.300138935091873,51103.0,4.3,0.0,0.0,0.0,0.0,,4.300138935091873,,9.555864300204162,
2008,2009,8,open,4080842.0,12225243.0,2.995764844608049,4080842.0,3.0,0.0,0.0,0.0,0.0,1.5137,2.995764844608049,2.75,6.657255210240109,6.111111111111111
2008,2008,9,full,26055041.0,79833417.0,3.0640296056337046,19986080.0,2.78,0.0,0.0,6068961.0,3.99,,3.0640296056337046,,6.8089546791860105,
2008,2008,10,full,29359206.0,107772268.0,3.6708168470223614,12767242.0,2.66,94734.0,4.52,16497230.0,4.44,1.2296,3.6708168470223614,2.28,8.157370771160803,5.066666666666666
2008,2008,11,full,25472283.0,95929443.0,3.7660323968605405,8396641.0,2.61,250806.0,4.4,16824836.0,4.34,1.4733,3.7660323968605405,1.76,8.368960881912312,3.911111111111111
2008,2008,12,full,25396835.0,111934598.0,4.407423129693129,5474139.0,2.71,400253.0,4.8,19522443.0,4.87,1.5879,4.407423129693129,1.68,9.794273621540286,3.733333333333333
2009,2010,1,full,5561555.0,25371084.0,4.5618687579283135,5558922.0,4.56,2633.0,4.45,0.0,0.0,1.4995,4.5618687579283135,2.97,10.137486128729586,6.6000000000000005
2009,2010,2,full,3881721.0,17816638.0,4.589881137773683,3876681.0,4.59,5040.0,4.5,0.0,0.0,1.4663,4.589881137773683,3.17,10.199735861719295,7.044444444444444
2009,2010,3,full,5414467.0,26454069.0,4.88581221383379,5414301.0,4.89,166.0,4.66,0.0,0.0,1.5056,4.88581221383379,3.17,10.8573604751862,7.044444444444444
2009,2010,5,full,2430345.0,12557817.0,5.167092326398104,2430345.0,5.17,0.0,0.0,0.0,0.0,1.4859,5.167092326398104,3.36,11.482427391995786,7.466666666666666
2009,2010,6,full,1894297.0,9899139.0,5.225758685148105,1894297.0,5.23,0.0,0.0,0.0,0.0,1.5394,5.225758685148105,3.38,11.612797078106901,7.511111111111111
2009,2010,7,full,653772.0,3379317.0,5.1689533965969785,653772.0,5.17,0.0,0.0,0.0,0.0,1.5706,5.1689533965969785,3.22,11.486563103548841,7.155555555555556
2009,2010,8,close,33065.0,114872.0,3.474126720096779,33065.0,3.47,0.0,0.0,0.0,0.0,,3.474126720096779,,7.720281600215064,
2009,2010,8,open,2955360.0,11511170.0,3.895014482161226,2955360.0,3.9,0.0,0.0,0.0,0.0,1.5406,3.895014482161226,2.9,8.655587738136058,6.444444444444444
2009,2009,9,full,14163365.0,63325752.0,4.471095110519287,14163365.0,4.47,0.0,0.0,0.0,0.0,,4.471095110519287,,9.935766912265082,
2009,2009,10,full,13273481.0,63612462.0,4.792447587788011,13273481.0,4.79,0.0,0.0,0.0,0.0,1.4852,4.792447587788011,3.08,10.649883528417803,6.844444444444444
2009,2009,11,full,9407272.0,43562320.0,4.630706967971161,9406916.0,4.63,356.0,4.13,0.0,0.0,1.4621,4.630706967971161,3.13,10.290459928824802,6.955555555555555
2009,2009,12,full,8336374.0,37475051.0,4.49536585090832,8329934.0,4.5,6440.0,4.67,0.0,0.0,1.48,4.49536585090832,3.13,9.989701890907378,6.955555555555555
2010,2011,1,full,6144848.0,30526072.0,4.967750544846675,6133888.0,4.97,10960.0,4.79,0.0,0.0,1.5131,4.967750544846675,2.89,11.039445655214832,6.4222222222222225
2010,2011,2,full,6280744.0,31941718.0,5.085658323281446,6264070.0,5.09,16674.0,4.8,0.0,0.0,1.5549,5.085658323281446,3.22,11.301462940625434,7.155555555555556
2010,2011,3,full,4750077.0,24653935.0,5.190217969098185,4713836.0,5.19,36241.0,4.97,0.0,0.0,1.5828,5.190217969098185,3.22,11.533817709107078,7.155555555555556
2010,2011,4,full,2934910.0,14858774.0,5.062769897543706,2934850.0,5.06,60.0,4.75,0.0,0.0,1.5747,5.062769897543706,3.29,11.250599772319347,7.311111111111111
2010,2011,5,full,4380014.0,22345031.0,5.101588944692871,4379960.0,5.1,54.0,4.8,0.0,0.0,1.5156,5.101588944692871,3.31,11.336864321539712,7.355555555555555
2010,2011,6,full,3143123.0,16808671.0,5.34776112802458,3138875.0,5.35,4248.0,4.76,0.0,0.0,1.5642,5.34776112802458,3.33,11.883913617832398,7.4
2010,2011,7,full,1676639.0,8939090.0,5.331553184674816,1676639.0,5.33,0.0,0.0,0.0,0.0,1.594,5.331553184674816,3.38,11.847895965944035,7.511111111111111
2010,2011,8,close,85026.0,415709.0,4.8891985980758825,85026.0,4.89,0.0,0.0,0.0,0.0,,4.8891985980758825,,10.86488577350196,
2010,2011,8,open,5700352.0,24772619.0,4.345805136244218,5700352.0,4.35,0.0,0.0,0.0,0.0,,4.345805136244218,,9.657344747209374,
2010,2010,9,full,11643505.0,50459699.0,4.333720730999815,11643505.0,4.33,0.0,0.0,0.0,0.0,1.5016,4.333720730999815,2.98,9.630490513332921,6.622222222222222
2010,2010,10,full,8513214.0,35584612.0,4.179926876030604,8510536.0,4.18,2678.0,4.57,0.0,0.0,1.4889,4.179926876030604,2.91,9.28872639117912,6.466666666666667
2010,2010,11,full,6349015.0,26278653.0,4.13901258699184,6339884.0,4.14,9131.0,4.4,0.0,0.0,1.4185,4.13901258699184,2.92,9.197805748870756,6.488888888888889
2010,2010,12,full,7722514.0,33821853.0,4.379642820977728,7707054.0,4.38,15460.0,4.43,0.0,0.0,1.4295,4.379642820977728,2.83,9.732539602172729,6.288888888888889
2011,2012,1,full,3402754.0,26059242.0,7.658279734591452,3402230.0,7.66,524.0,7.08,0.0,0.0,1.8573,7.658279734591452,4.19,17.018399410203227,9.311111111111112
2011,2012,2,full,2889581.0,20922190.0,7.240561866928112,2884691.0,7.24,4890.0,6.95,0.0,0.0,1.8367,7.240561866928112,4.09,16.09013748206247,9.088888888888889
2011,2012,3,full,2527848.0,17360298.0,6.867619413825515,2527492.0,6.87,356.0,7.3,0.0,0.0,,6.867619413825515,,15.26137647516781,
2011,2012,4,full,2830834.0,18335666.0,6.477125115778601,2830834.0,6.48,0.0,0.0,0.0,0.0,1.8068,6.477125115778601,3.65,14.39361136839689,8.11111111111111
2011,2012,5,full,2621982.0,17072131.0,6.511154920209216,2621982.0,6.51,0.0,0.0,0.0,0.0,1.7683,6.511154920209216,3.52,14.46923315602048,7.822222222222222
2011,2012,6,full,2725331.0,15113827.0,5.5456849094660425,2723911.0,5.55,1420.0,4.57,0.0,0.0,1.797,5.5456849094660425,3.7,12.323744243257872,8.222222222222223
2011,2012,7,full,1589694.0,8148866.0,5.126059480629605,1589694.0,5.13,0.0,0.0,0.0,0.0,1.8161,5.126059480629605,2.98,11.391243290288012,6.622222222222222
2011,2012,8,close,319444.0,1705782.0,5.339846733699804,319444.0,5.34,0.0,0.0,0.0,0.0,,5.339846733699804,,11.866326074888452,
2011,2012,8,open,399895.0,2755042.0,6.889413471036147,399895.0,6.89,0.0,0.0,0.0,0.0,,6.889413471036147,,15.30980771341366,
2011,2011,9,full,13592101.0,93769455.0,6.89881976303737,13592101.0,6.9,0.0,0.0,0.0,0.0,,6.89881976303737,,15.330710584527488,
2011,2011,10,full,15701623.0,110823087.0,7.058065717155482,15701623.0,7.06,0.0,0.0,0.0,0.0,1.7865,7.058065717155482,3.94,15.684590482567737,8.755555555555555
2011,2011,11,full,9755874.0,70973356.0,7.274935695151455,9755874.0,7.27,0.0,0.0,0.0,0.0,1.8274,7.274935695151455,3.88,16.166523767003234,8.622222222222222
2011,2011,12,full,7716292.0,58753805.0,7.614253711497699,7714122.0,7.61,2170.0,6.96,0.0,0.0,1.8036,7.614253711497699,4.1,16.920563803328218,9.11111111111111
2012,2013,1,full,8192189.0,39824826.0,4.861316798233049,8187143.0,4.86,5046.0,5.05,0.0,0.0,1.7827,4.861316798233049,2.76,10.802926218295664,6.133333333333333
2012,2013,2,full,7207042.0,35153754.0,4.877695176467682,7204430.0,4.88,2612.0,5.12,0.0,0.0,1.7713,4.877695176467682,2.74,10.839322614372627,6.0888888888888895
2012,2013,3,full,8388769.0,41228516.0,4.914727774718794,8388769.0,4.91,0.0,0.0,0.0,0.0,1.7778,4.914727774718794,2.77,10.921617277152876,6.155555555555555
2012,2013,4,full,4726644.0,23327394.0,4.93529743302013,4726644.0,4.94,0.0,0.0,0.0,0.0,1.8111,4.93529743302013,2.74,10.967327628933623,6.0888888888888895
2012,2013,5,full,3847767.0,20441056.0,5.312446413725155,3847767.0,5.31,0.0,0.0,0.0,0.0,1.7991,5.312446413725155,2.79,11.80543647494479,6.2
2012,2013,6,full,1383157.0,8054263.0,5.8231010651719215,1383157.0,5.82,0.0,0.0,0.0,0.0,1.8999,5.8231010651719215,3.09,12.940224589270937,6.866666666666666
2012,2013,7,full,675017.0,4025032.0,5.962860194632135,675017.0,5.96,0.0,0.0,0.0,0.0,,5.962860194632135,,13.250800432515856,
2012,2013,8,close,196545.0,1045981.0,5.321839782238165,196545.0,5.32,0.0,0.0,0.0,0.0,,5.321839782238165,,11.826310627195921,
2012,2013,8,open,3675082.0,16041956.0,4.3650606979653785,3675082.0,4.37,0.0,0.0,0.0,0.0,,4.3650606979653785,,9.700134884367507,
2012,2012,9,full,22106475.0,97216205.0,4.397634855851058,22106475.0,4.4,0.0,0.0,0.0,0.0,,4.397634855851058,,9.772521901891238,
2012,2012,10,full,12964576.0,60317511.0,4.652486205487939,12964576.0,4.65,0.0,0.0,0.0,0.0,1.7956,4.652486205487939,2.46,10.338858234417643,5.466666666666667
2012,2012,11,full,14052971.0,68741432.0,4.891594240107661,14052971.0,4.89,0.0,0.0,0.0,0.0,1.7941,4.891594240107661,2.64,10.87020942246147,5.866666666666667
2012,2012,12,full,10333016.0,50122222.0,4.850686575923235,10333016.0,4.85,0.0,0.0,0.0,0.0,1.7855,4.850686575923235,2.77,10.779303502051633,6.155555555555555
2013,2014,1,full,6049357.0,41391548.0,6.842305388820663,6042923.0,6.84,6434.0,6.75,0.0,0.0,2.211,6.842305388820663,3.05,15.20512308626814,6.777777777777777
2013,2014,2,full,5142089.0,34069365.0,6.625588355238503,5141339.0,6.63,750.0,6.52,0.0,0.0,2.2209,6.625588355238503,2.92,14.723529678307784,6.488888888888889
2013,2014,3,full,4398295.0,29285355.0,6.658342607760507,4398295.0,6.66,0.0,0.0,0.0,0.0,2.1932,6.658342607760507,2.95,14.796316906134459,6.555555555555555
2013,2014,4,full,6680869.0,65159776.0,9.753188694464747,6671803.0,9.75,9066.0,9.56,0.0,0.0,2.1961,9.753188694464747,4.07,21.673752654366105,9.044444444444444
2013,2014,5,full,3179837.0,34425537.0,10.826195493668386,3176253.0,10.83,3584.0,10.32,0.0,0.0,2.0896,10.826195493668386,5.05,24.058212208151968,11.222222222222221
2013,2014,6,full,2088288.0,21219869.0,10.161370941172866,2088288.0,10.16,0.0,0.0,0.0,0.0,,10.161370941172866,,22.58082431371748,
2013,2014,7,full,1333706.0,13517296.0,10.13513922858561,1333706.0,10.14,0.0,0.0,0.0,0.0,,10.13513922858561,,22.522531619079132,
2013,2014,8,open,9887612.0,63947054.0,6.467391115266254,9887612.0,6.47,0.0,0.0,0.0,0.0,2.1618,6.467391115266254,5.44,14.371980256147232,12.088888888888889
2013,2013,9,full,21791220.0,145070049.0,6.657270634686814,21744662.0,6.66,46558.0,6.75,0.0,0.0,1.9635,6.657270634686814,3.41,14.793934743748475,7.5777777777777775
2013,2013,10,full,17793708.0,123929001.0,6.964765354135293,17770369.0,6.96,23339.0,7.07,0.0,0.0,2.021,6.964765354135293,3.52,15.477256342522875,7.822222222222222
2013,2013,11,full,14779780.0,103644023.0,7.012555193649702,14720712.0,7.01,59068.0,7.23,0.0,0.0,2.0267,7.012555193649702,3.5,15.583455985888227,7.777777777777778
2013,2013,12,full,8526201.0,58240200.0,6.830732702642126,8524076.0,6.83,2125.0,6.71,0.0,0.0,2.065,6.830732702642126,3.28,15.17940600587139,7.288888888888888
2014,2015,1,full,3560961.0,55896508.0,15.697028976166827,3554941.0,15.7,6020.0,15.55,0.0,0.0,2.3368,15.697028976166827,6.49,34.88228661370406,14.422222222222222
2014,2015,2,full,3056911.0,53522138.0,17.508569271398482,3031331.0,17.5,25580.0,18.03,0.0,0.0,2.4641,17.508569271398482,7.21,38.90793171421885,16.022222222222222
2014,2015,3,full,2717898.0,48489367.0,17.840760396453437,2710181.0,17.84,7717.0,17.83,0.0,0.0,2.5933,17.840760396453437,6.64,39.64613421434097,14.755555555555555
2014,2015,4,full,1403003.0,25381558.0,18.09087934950959,1402901.0,18.09,102.0,18.66,0.0,0.0,,18.09087934950959,,40.201954110021305,
2014,2015,5,full,1119413.0,22148879.0,19.78615488653428,1100073.0,19.75,19340.0,21.71,0.0,0.0,,19.78615488653428,,43.96923308118729,
2014,2015,6,full,410338.0,7428903.0,18.104350559782425,408715.0,18.12,1623.0,14.72,0.0,0.0,,18.104350559782425,,40.231890132849834,
2014,2015,7,full,284492.0,4198175.0,14.756741841598357,284192.0,14.76,300.0,14.3,0.0,0.0,,14.756741841598357,,32.79275964799635,
2014,2015,8,close,94710.0,955861.0,10.092503431527822,94710.0,10.09,0.0,0.0,0.0,0.0,,10.092503431527822,,22.42778540339516,
2014,2015,8,open,5019001.0,59186922.0,11.792570274443062,5019001.0,11.79,0.0,0.0,0.0,0.0,,11.792570274443062,,26.20571172098458,
2014,2014,9,full,9052386.0,119986223.0,13.254651646538273,9052386.0,13.25,0.0,0.0,0.0,0.0,2.2089,13.254651646538273,6.48,29.454781436751716,14.4
2014,2014,10,full,5764113.0,83293705.0,14.45039418901052,5764113.0,14.45,0.0,0.0,0.0,0.0,2.2546,14.45039418901052,6.53,32.11198708669004,14.511111111111111
2014,2014,11,full,6309852.0,90511134.0,14.344414734291707,6305218.0,14.34,4634.0,14.38,0.0,0.0,2.238,14.344414734291707,6.51,31.876477187314904,14.466666666666665
2014,2014,12,full,6444498.0,92746077.0,14.391513039495086,6436509.0,14.39,7989.0,14.63,0.0,0.0,2.2969,14.391513039495086,6.26,31.981140087766857,13.91111111111111
2015,2016,1,full,3858798.0,46261004.0,11.98844925285024,3836574.0,11.99,22224.0,12.1,0.0,0.0,3.0145,11.98844925285024,3.71,26.6409983396672,8.244444444444444
2015,2016,2,full,5002056.0,54779017.0,10.951300225347337,4942254.0,10.94,59802.0,11.51,0.0,0.0,2.946,10.951300225347337,3.63,24.33622272299408,8.066666666666666
2015,2016,3,full,4134345.0,43739517.0,10.579551779060528,4055208.0,10.57,79137.0,10.98,0.0,0.0,2.891,10.579551779060528,3.59,23.51011506457895,7.977777777777777
2015,2016,4,full,4081965.0,40802754.0,9.995860817032973,4037373.0,10.0,44592.0,10.03,0.0,0.0,2.8387,9.995860817032973,3.42,22.213024037851053,7.6
2015,2016,5,full,6875561.0,70938048.0,10.31741962583126,6847011.0,10.32,28550.0,10.53,0.0,0.0,2.939,10.31741962583126,3.53,22.92759916851391,7.844444444444444
2015,2016,6,full,5938552.0,57680183.0,9.71283622674349,5916811.0,9.71,21741.0,10.04,0.0,0.0,,9.71283622674349,,21.58408050387442,
2015,2016,7,full,2163340.0,21115872.0,9.760773618571283,2108358.0,9.75,54982.0,10.33,0.0,0.0,,9.760773618571283,,21.690608041269517,
2015,2016,8,open,2594589.0,33323445.0,12.843438787414886,2594589.0,12.84,0.0,0.0,0.0,0.0,2.9656,12.843438787414886,4.98,28.54097508314419,11.066666666666668
2015,2015,9,full,12178657.0,147993927.0,12.151908621779889,12030352.0,12.15,148305.0,12.2,0.0,0.0,3.0135,12.151908621779889,4.04,27.004241381733085,8.977777777777778
2015,2015,10,full,10079948.0,133055350.0,13.20000361112974,9993166.0,13.2,86782.0,13.39,0.0,0.0,2.9296,13.20000361112974,4.55,29.333341358066086,10.11111111111111
2015,2015,11,full,9099457.0,13219702.0,1.452801194620734,9057400.0,1.39,42057.0,14.65,0.0,0.0,2.8684,1.452801194620734,4.98,3.2284470991571865,11.066666666666668
2015,2015,12,full,6085376.0,77110652.0,12.671468780236422,6045333.0,12.67,40043.0,12.46,0.0,0.0,2.9228,12.671468780236422,4.27,28.158819511636494,9.488888888888887
2016,2017,1,full,3400510.0,40932040.0,12.037029739656699,3386033.0,12.03,14477.0,12.65,0.0,0.0,3.7538,12.037029739656699,3.43,26.748954977014886,7.622222222222223
2016,2017,2,full,3279645.0,38162666.0,11.636218554142292,3263242.0,11.64,16403.0,11.84,0.0,0.0,3.6699,11.636218554142292,3.34,25.85826345364954,7.422222222222222
2016,2017,3,full,3622554.0,39989689.0,11.039087063988557,3615236.0,11.04,7318.0,11.21,0.0,0.0,3.6737,11.039087063988557,3.05,24.531304586641237,6.777777777777777
2016,2017,4,full,2745000.0,29292501.0,10.671220765027323,2722318.0,10.67,18605.0,10.7,4077.0,10.72,,10.671220765027323,,23.71382392228294,
2016,2017,5,full,3257849.0,35028141.0,10.7519228177856,3219364.0,10.75,32329.0,11.43,6156.0,10.71,,10.7519228177856,,23.893161817301333,
2016,2017,6,full,3002018.0,31292694.0,10.42388619921666,2705868.0,10.41,12562.0,10.76,283588.0,10.56,,10.42388619921666,,23.1641915538148,
2016,2017,7,full,2636435.0,27275800.0,10.34571305569832,2216247.0,10.34,7317.0,8.61,412871.0,10.39,,10.34571305569832,,22.990473457107377,
2016,2017,8,open,2216154.0,32019806.0,14.448366855371964,2181650.0,14.44,34504.0,14.9,0.0,0.0,,14.448366855371964,,32.107481900826585,
2016,2016,9,full,6295911.0,90681235.0,14.403195184938287,6167297.0,14.41,128614.0,14.26,0.0,0.0,2.968,14.403195184938287,5.07,32.00710041097397,11.266666666666667
2016,2016,10,full,6971547.0,89678235.0,12.86346272929093,6954701.0,12.89,16846.0,3.66,0.0,0.0,3.0784,12.86346272929093,4.37,28.585472731757623,9.71111111111111
2016,2016,11,full,6293377.0,74440799.0,11.82843471795826,6255801.0,11.83,37576.0,12.36,0.0,0.0,3.2877,11.82843471795826,3.79,26.285410484351686,8.422222222222222
2016,2016,12,full,6086887.0,71470286.0,11.741681092486193,6057485.0,11.74,29402.0,12.59,0.0,0.0,3.4924,11.741681092486193,3.59,26.092624649969316,7.977777777777777
2017,2018,1,full,3696953.0,39127315.0,10.58366579180206,3692907.0,10.58,4046.0,11.2,0.0,0.0,3.7715,10.58366579180206,2.89,23.519257315115688,6.4222222222222225
2017,2018,2,full,4831240.0,56220098.0,11.63678434521986,4813630.0,11.63,17610.0,12.28,0.0,0.0,3.7803,11.63678434521986,3.2,25.859520767155246,7.111111111111112
2017,2018,3,full,4659286.0,55369967.0,11.883787988116634,4630999.0,11.88,28287.0,12.11,0.0,0.0,3.8877,11.883787988116634,3.16,26.408417751370298,7.022222222222222
2017,2018,4,full,1737590.0,20783086.0,11.960868789530327,1726141.0,11.96,11449.0,12.02,0.0,0.0,,11.960868789530327,,26.579708421178502,
2017,2018,5,full,1145921.0,13523280.0,11.801232371166948,1139567.0,11.8,6354.0,12.24,0.0,0.0,,11.801232371166948,,26.22496082481544,
2017,2018,6,full,1010231.0,11758142.0,11.63906274901483,1010199.0,11.64,32.0,12.06,0.0,0.0,,11.63906274901483,,25.86458388669962,
2017,2018,7,full,259672.0,3103562.0,11.951854647401337,254318.0,11.96,5354.0,11.46,0.0,0.0,,11.951854647401337,,26.559676994225192,
2017,2018,8,close,88500.0,1096169.0,12.386090395480226,69484.0,11.91,19016.0,14.12,0.0,0.0,,12.386090395480226,,27.52464532328939,
2017,2018,8,open,2324071.0,22719798.0,9.775862269268021,2322197.0,9.78,1874.0,9.56,0.0,0.0,5.81,9.775862269268021,2.37,21.724138376151156,5.266666666666667
2017,2017,9,full,22718759.0,217957112.0,9.593706768930469,19151111.0,9.41,304586.0,9.56,3263062.0,10.68,3.4739,9.593706768930469,2.76,21.31934837540104,6.133333333333333
2017,2017,10,full,23222709.0,228134266.0,9.823757684773124,15776693.0,9.55,51755.0,9.81,7394261.0,10.41,3.6724,9.823757684773124,2.69,21.830572632829163,5.977777777777778
2017,2017,11,full,13602329.0,133168901.0,9.790154391942734,12642704.0,9.77,72425.0,10.23,887200.0,10.01,3.878,9.790154391942734,2.6,21.75589864876163,5.777777777777778
2017,2017,12,full,9238010.0,91811258.0,9.938423751435645,9207262.0,9.94,25519.0,10.39,5229.0,8.02,3.8471,9.938423751435645,2.68,22.085386114301432,5.955555555555556
2018,2019,1,full,2740915.0,42049672.0,15.341472464487223,2726575.0,15.33,14340.0,18.26,0.0,0.0,5.3662,15.341472464487223,2.85,34.09216103219383,6.333333333333333
2018,2019,2,full,2344391.0,38217234.0,16.30156147161459,2338200.0,16.3,6191.0,18.06,0.0,0.0,,16.30156147161459,,36.225692159143534,
2018,2019,3,full,2313592.0,43468403.0,18.788275115059182,2311795.0,18.79,1797.0,16.78,0.0,0.0,,18.788275115059182,,41.75172247790929,
2018,2019,4,full,1878786.0,35090592.0,18.677269257914418,1876488.0,18.68,2298.0,18.12,0.0,0.0,,18.677269257914418,,41.50504279536537,
2018,2019,5,full,1005613.0,19477035.0,19.368320616380256,1005613.0,19.37,0.0,0.0,0.0,0.0,,19.368320616380256,,43.04071248084501,
2018,2019,6,full,317024.0,6175688.0,19.48019077420006,316964.0,19.48,60.0,17.0,0.0,0.0,,19.48019077420006,,43.28931283155569,
2018,2019,7,full,70909.0,1333145.0,18.8007869240858,70705.0,18.8,204.0,18.24,0.0,0.0,,18.8007869240858,,41.77952649796844,
2018,2019,8,open,2553403.0,34667750.0,13.57707733561839,2535434.0,13.58,17969.0,13.86,0.0,0.0,,13.57707733561839,,30.171282968040863,
2018,2018,9,full,4991121.0,69050463.0,13.834660189564628,4917578.0,13.83,73543.0,14.41,0.0,0.0,6.3455,13.834660189564628,2.19,30.74368931014362,4.866666666666666
2018,2018,10,full,4168213.0,56550006.0,13.566966467404617,4029238.0,13.55,138975.0,13.97,0.0,0.0,5.8526,13.566966467404617,2.28,30.14881437201026,5.066666666666666
2018,2018,11,full,5375827.0,75479298.0,14.040499815191225,4942885.0,13.98,39773.0,16.97,393169.0,14.54,5.3877,14.040499815191225,2.62,31.201110700424945,5.822222222222222
2018,2018,12,full,4822937.0,67466292.0,13.988632237991084,4754597.0,13.98,19568.0,15.92,48772.0,14.28,5.3066,13.988632237991084,2.66,31.085849417757963,5.911111111111111
2019,2020,1,full,6150733.0,125244864.0,20.362591580548205,6129085.0,20.36,21648.0,20.97,0.0,0.0,5.9261,20.362591580548205,3.48,45.25020351232934,7.733333333333333
2019,2020,2,full,4917778.0,105341517.0,21.420551517372278,4910005.0,21.42,7773.0,21.18,0.0,0.0,6.0562,21.420551517372278,3.53,47.60122559416062,7.844444444444444
2019,2020,3,full,4444820.0,93258242.0,20.981331527485928,4440171.0,20.98,4649.0,21.16,0.0,0.0,6.3238,20.981331527485928,3.31,46.62518117219095,7.355555555555555
2019,2020,4,full,2489227.0,58338628.0,23.436443522426842,2418574.0,23.39,70653.0,24.98,0.0,0.0,6.8346,23.436443522426842,3.13,52.08098560539298,6.955555555555555
2019,2020,5,full,1609607.0,39839900.0,24.75132128525783,1601465.0,24.75,8142.0,25.04,0.0,0.0,6.94,24.75132128525783,3.68,55.00293618946184,8.177777777777777
2019,2020,6,full,3304644.0,77728207.0,23.52090179759151,3297594.0,23.53,7050.0,21.45,0.0,0.0,,23.52090179759151,,52.26867066131447,
2019,2020,7,full,541811.0,12277666.0,22.660422176736905,540756.0,22.66,1055.0,21.35,0.0,0.0,,22.660422176736905,,50.35649372608201,
2019,2020,8,close,53486.0,1034118.0,19.334367871966496,53486.0,19.33,0.0,0.0,0.0,0.0,,19.334367871966496,,42.965261937703325,
2019,2020,8,open,6553704.0,108915545.0,16.618929539692363,6280456.0,16.59,128404.0,16.92,144844.0,17.65,,16.618929539692363,,36.93095453264969,
2019,2019,9,full,36669546.0,544201326.0,14.840688946626173,31063925.0,14.39,789412.0,17.38,4816209.0,17.34,5.7169,14.840688946626173,2.83,32.97930877028038,6.288888888888889
2019,2019,10,full,22282210.0,333779654.0,14.979647620231566,20634269.0,14.8,652194.0,17.5,995747.0,17.14,5.6615,14.979647620231566,2.98,33.28810582273681,6.622222222222222
2019,2019,11,full,10358063.0,188837419.0,18.230958722687824,10336745.0,18.23,21318.0,18.61,0.0,0.0,5.7402,18.230958722687824,3.32,40.513241605972944,7.377777777777777
2019,2019,12,full,7075915.0,135146175.0,19.099462754993525,7001378.0,19.1,74537.0,19.48,0.0,0.0,5.8462,19.099462754993525,3.24,42.443250566652274,7.2
2020,2021,1,full,4831826.0,116856039.0,24.184653793410607,4810301.0,24.18,21525.0,24.42,0.0,0.0,7.402,24.184653793410607,3.31,53.74367509646802,7.355555555555555
2020,2021,2,full,3436993.0,82223589.0,23.923117969690367,3388128.0,23.93,48865.0,23.71,0.0,0.0,7.095,23.923117969690367,3.4,53.162484377089704,7.555555555555555
2020,2021,3,full,5441092.0,133745279.0,24.580595034967246,5369140.0,24.6,71952.0,23.16,0.0,0.0,7.6306,24.580595034967246,3.24,54.62354452214943,7.2
2020,2021,4,full,7062294.0,172337921.0,24.402541298903728,6975508.0,24.41,86552.0,23.81,234.0,22.05,8.1656,24.402541298903728,3.04,54.22786955311939,6.7555555555555555
2020,2021,5,full,5153343.0,123866627.0,24.03616972516675,5145508.0,24.04,7835.0,23.89,0.0,0.0,,24.03616972516675,,53.413710500370556,
2020,2021,6,full,7631543.0,187661542.0,24.590248918206974,7614608.0,24.59,16935.0,24.96,0.0,0.0,,24.590248918206974,,54.6449975960155,
2020,2021,7,full,2268919.0,53964357.0,23.784170787939104,2264409.0,23.78,4510.0,24.7,0.0,0.0,,23.784170787939104,,52.853712862086894,
2020,2021,8,close,210857.0,4675994.0,22.176138330717027,405.0,22.43,183016.0,25.5,27436.0,0.0,,22.176138330717027,,49.28030740159339,
2020,2021,8,open,4600554.0,104254282.0,22.66124514569332,4487049.0,22.64,104959.0,23.39,8546.0,23.28,,22.66124514569332,,50.35832254598516,
2020,2020,9,full,10140804.0,239562682.0,23.62363792851139,9806388.0,23.64,303962.0,23.05,30454.0,23.37,7.5154,23.62363792851139,3.16,52.49697317446975,7.022222222222222
2020,2020,10,full,9978409.0,254540247.0,25.509101400834542,9801132.0,25.49,177277.0,26.62,0.0,0.0,7.9095,25.509101400834542,3.34,56.68689200185454,7.422222222222222
2020,2020,11,full,11389701.0,283229012.0,24.867115651236148,11259678.0,24.86,130023.0,25.54,0.0,0.0,7.9915,24.867115651236148,3.17,55.260257002747,7.044444444444444
2020,2020,12,full,6663461.0,162138811.0,24.332521943176378,6166222.0,24.25,497239.0,25.41,0.0,0.0,7.7189,24.332521943176378,3.17,54.07227098483639,7.044444444444444
2021,2022,1,full,2519758.0,88203865.0,35.00489531137514,2504186.0,35.0,15572.0,35.63,0.0,0.0,13.5436,35.00489531137514,2.57,77.7886562475003,5.71111111111111
2021,2022,2,full,2602719.0,94871366.0,36.450867727173005,2596881.0,36.45,5838.0,35.91,0.0,0.0,,36.450867727173005,,81.00192828260667,
2021,2022,3,full,1722461.0,66343781.0,38.51685524374717,1716221.0,38.51,6240.0,39.74,0.0,0.0,,38.51685524374717,,85.5930116527715,
2021,2022,4,full,1009744.0,41234246.0,40.836336734855564,962633.0,40.89,47111.0,39.76,0.0,0.0,,40.836336734855564,,90.7474149663457,
2021,2022,5,full,1477125.0,61687648.0,41.76196868917661,1462272.0,41.78,14853.0,40.27,0.0,0.0,,41.76196868917661,,92.80437486483692,
2021,2022,6,full,1019451.0,43704929.0,42.87104431699022,1015933.0,42.87,3518.0,42.65,0.0,0.0,,42.87104431699022,,95.26898737108938,
2021,2022,7,full,554124.0,24346591.0,43.93708086998578,534365.0,43.97,19759.0,43.15,0.0,0.0,,43.93708086998578,,97.63795748885728,
2021,2022,8,close,78700.0,3005006.0,38.183049555273186,78700.0,38.18,0.0,0.0,0.0,0.0,,38.183049555273186,,84.85122123394041,
2021,2022,8,open,4836633.0,127386703.0,26.3378889818599,1911394.0,25.99,47027.0,26.81,2878212.0,26.56,,26.3378889818599,,58.52864218191089,
2021,2021,9,full,13407054.0,355425542.0,26.510338662020754,6484562.0,25.22,813586.0,25.44,6108906.0,28.02,8.5301,26.510338662020754,3.02,58.91186369337945,6.711111111111111
2021,2021,10,full,10863932.0,285943170.0,26.320412351623702,5531976.0,25.4,282224.0,24.31,5049732.0,27.44,9.1876,26.320412351623702,2.8,58.489805225830445,6.222222222222221
2021,2021,11,full,8082248.0,218814420.0,27.07346025511714,7008677.0,27.1,184396.0,26.2,889175.0,27.01,10.5838,27.07346025511714,2.57,60.16324501137142,5.71111111111111
2021,2021,12,full,6599327.0,212759694.0,32.239604735452566,6543673.0,32.25,53374.0,31.0,2280.0,26.13,13.6475,32.239604735452566,2.33,71.64356607878348,5.177777777777778
2022,2023,1,full,4990553.0,310105672.0,62.138538955502526,4965782.0,62.14,24771.0,61.89,0.0,0.0,,62.138538955502526,,138.08564212333894,
2022,2023,2,full,2953714.0,184697322.0,62.53053680891244,2936109.0,62.53,17605.0,62.77,0.0,0.0,,62.53053680891244,,138.95674846424987,
2022,2023,3,full,4114452.0,226907218.0,55.14883099863603,4099455.0,55.12,14997.0,62.19,0.0,0.0,18.9993,55.14883099863603,3.19,122.55295777474673,7.088888888888889
2022,2023,4,full,2047112.0,127497590.0,62.28168756765629,2043674.0,62.28,3438.0,61.4,0.0,0.0,,62.28168756765629,,138.40375015034732,
2022,2023,5,full,1327274.0,80787381.0,60.86714649725678,1320640.0,60.86,6634.0,61.64,0.0,0.0,,60.86714649725678,,135.2603255494595,
2022,2023,6,full,611113.0,38909248.0,63.669481748874595,609742.0,63.67,1371.0,64.49,0.0,0.0,,63.669481748874595,,141.4877372197213,
2022,2023,7,full,598219.0,41825281.0,69.91633665931707,585523.0,70.04,12696.0,64.38,0.0,0.0,,69.91633665931707,,155.3696370207046,
2022,2023,8,close,34804.0,2334486.0,67.07522123893806,34804.0,67.08,0.0,0.0,0.0,0.0,,67.07522123893806,,149.0560471976401,
2022,2023,8,open,2685799.0,133061611.0,49.54265415989804,2255459.0,49.02,245126.0,50.44,185214.0,54.74,,49.54265415989804,,110.09478702199564,
2022,2022,9,full,20857961.0,1073048480.0,51.445511859956014,11874719.0,49.01,816724.0,49.55,8166518.0,55.17,18.3085,51.445511859956014,2.61,114.32335968879114,5.8
2022,2022,10,full,19260244.0,991000711.0,51.45317530764408,9605474.0,48.44,484680.0,50.07,9170090.0,54.69,18.5966,51.45317530764408,2.55,114.34038957254239,5.666666666666666
2022,2022,11,full,14351602.0,733594945.0,51.115892497576226,10240692.0,49.98,327367.0,50.89,3783543.0,54.2,18.6206,51.115892497576226,2.6,113.59087221683606,5.777777777777778
2022,2022,12,full,8808804.0,519105365.0,58.930288947285014,8718109.0,58.95,46716.0,58.88,43979.0,55.33,18.6705,58.930288947285014,3.27,130.95619766063336,7.266666666666667
2023,2024,1,full,3738667.0,452185452.0,120.94830911659156,3730201.0,120.97,8466.0,110.24,0.0,0.0,,120.94830911659156,,268.77402025909237,
2023,2024,2,full,3854660.0,489010419.0,126.86214062978317,3851769.0,126.86,2891.0,123.61,0.0,0.0,,126.86214062978317,,281.9158680661848,
2023,2024,3,full,3333742.0,456422524.0,136.90997203742822,3333366.0,136.91,376.0,173.73,0.0,0.0,,136.90997203742822,,304.244382305396,
2023,2024,4,full,2461138.0,333714248.0,135.59347261307573,2461138.0,135.59,0.0,0.0,0.0,0.0,,135.59347261307573,,301.31882802905716,
2023,2024,5,full,3469607.0,478526183.0,137.91941940398436,3467864.0,137.92,1743.0,135.9,0.0,0.0,,137.91941940398436,,306.4875986755208,
2023,2024,6,full,1874804.0,262437148.0,139.98111162553525,1874592.0,139.98,212.0,141.94,0.0,0.0,,139.98111162553525,,311.0691369456339,
2023,2024,7,full,1026494.0,135500769.0,132.00346908993137,1026063.0,132.01,431.0,125.61,0.0,0.0,,132.00346908993137,,293.34104242206973,
2023,2024,8,close,137253.0,501573007.0,3654.3682615316243,137253.0,3654.37,0.0,0.0,0.0,0.0,,3654.3682615316243,,8120.8183589591645,
2023,2024,8,open,1217495.0,101750891.0,83.57397032431345,1023137.0,83.12,100714.0,83.66,93644.0,88.42,,83.57397032431345,,185.7199340540299,
2023,2023,9,full,5144949.0,534363292.0,103.86172768670788,4818594.0,104.71,244739.0,92.21,81616.0,88.98,,103.86172768670788,,230.80383930379529,
2023,2023,10,full,3900842.0,414818014.0,106.34063466297789,3741313.0,106.42,159529.0,104.39,0.0,0.0,,106.34063466297789,,236.3125214732842,
2023,2023,11,full,5598565.0,605899271.0,108.22403080074983,5411656.0,108.27,186909.0,106.99,0.0,0.0,,108.22403080074983,,240.4978462238885,
2023,2023,12,full,6241874.0,666924084.0,106.8467713382231,6124240.0,106.81,117634.0,108.61,0.0,0.0,,106.8467713382231,,237.4372696404958,
2024,2025,1,full,6856413.0,923610525.0,134.70753949623514,6803815.0,134.67,52598.0,139.35,0.0,0.0,,134.70753949623514,,299.3500877694114,
2024,2025,2,full,6211385.0,854702532.0,137.6025688312671,6190364.0,137.59,21021.0,141.05,0.0,0.0,,137.6025688312671,,305.78348629170466,
2024,2025,8,open,4212663.0,553788811.0,131.45813253991597,4011954.0,131.32,132717.0,132.89,67992.0,136.54,,131.45813253991597,,292.12918342203545,
2024,2024,9,full,19709443.0,2557915166.0,129.78120010798884,18353277.0,129.52,654997.0,131.24,701169.0,135.34,,129.78120010798884,,288.40266690664185,
2024,2024,10,full,15686118.0,2024830343.0,129.08422230407803,14776060.0,129.02,274826.0,126.26,635232.0,131.91,,129.08422230407803,,286.8538273423956,
2024,2024,11,full,13817894.0,1818509888.0,131.60543046574247,13312792.0,131.42,455441.0,136.92,49661.0,132.8,,131.60543046574247,,292.4565121460944,
2024,2024,12,full,14781044.0,1938561744.0,131.15188237041986,14378918.0,131.01,341523.0,136.65,60603.0,133.9,,131.15188237041986,,291.4486274898219,
